DE;Klammer;CLAMP;0,00;;0,28;EUR;0,36;EUR;0,36;EUR;84339;531205057;531205057;0,948
DE;FEDERRING;SPRING;0,00;;0,50;EUR;0,63;EUR;0,63;EUR;84339;371914201;371914201;1,692
DE;Bolzen;BOLT;0,00;;0,50;EUR;0,62;EUR;0,62;EUR;73181595;579685101;579685101;1,692
DE;Mutter M6;NUT M6;0,00;;0,50;EUR;0,62;EUR;0,62;EUR;84339;531207165;531207165;1,692
DE;Mutter M6;NUT;0,00;;0,50;EUR;0,62;EUR;0,62;EUR;84679100;531208063;531208063;1,692
DE;Mutter M6;NUT;0,00;;0,50;EUR;0,62;EUR;0,62;EUR;84339;531208491;531208491;1,692
DE;Schraube                             *GO;SCREW,;0,00;;0,63;EUR;0,79;EUR;0,79;EUR;84339;531212710;531212710;2,124
DE;DVD Mähroboter;DVD R40 LI;0,00;;0,66;EUR;1,07;EUR;1,07;EUR;85234910;578909101;578909101;2,232
DE;Mutter;NUT;0,00;;0,44;EUR;0,55;EUR;0,55;EUR;73181595;579685201;579685201;1,488
DE;Mutter M5;NUT;0,00;;0,44;EUR;0,55;EUR;0,55;EUR;84339;531205213;531205213;1,488
DE;Knopf;KNOB;0,00;;1,04;EUR;1,29;EUR;1,29;EUR;84339;574610502;574610502;3,516
DE;Bolzen;BOLT;0,00;;1,04;EUR;1,29;EUR;1,29;EUR;73181595;579684601;579684601;3,516
DE;Scheibe                              *GO;SPARES SAFETY FLAP FIXINGS;0,00;;1,04;EUR;1,28;EUR;1,28;EUR;84339;510762100;510762100;3,516
DE;Mutter;NUT;0,00;;0,79;EUR;0,98;EUR;0,98;EUR;73181595;579687901;579687901;2,664
DE;Feder;SPRING;0,00;;1,20;EUR;1,48;EUR;1,48;EUR;84339;587915101;587915101;4,056
DE;Verschluß;LOCK;0,00;;1,36;EUR;1,68;EUR;1,68;EUR;84339;587987401;587987401;4,596
DE;Installations DVD;DVD R40/R70LI;0,00;;0,73;EUR;1,17;EUR;1,17;EUR;84339;578909102;578909102;2,46
DE;Installations DVD;DVD ROBOTIC;0,00;;1,54;EUR;1,96;EUR;1,96;EUR;84339;578909105;578909105;3,804
DE;Kabelklemme;PLATE;0,00;;1,14;EUR;1,41;EUR;1,41;EUR;84339;579685701;579685701;3,852
DE;Typschild R70 Li;LABEL R70LI;0,00;;1,52;EUR;2,19;EUR;2,19;EUR;84339;580927601;580927601;5,136
DE;Seckskantmutter;HEXAGON NUT;0,00;;0,38;EUR;0,48;EUR;0,48;EUR;84339;588222101;588222101;1,284
DE;Halter;BRACKET;0,00;;1,30;EUR;1,60;EUR;1,60;EUR;84339;579685601;579685601;4,392
DE;Deckel;AXLE COVER;0,00;;1,24;EUR;1,53;EUR;1,53;EUR;84339;587917901;587917901;4,188
DE;Moosgummidichtungssatz;SEALING KIT;0,00;;2,10;EUR;2,93;EUR;2,93;EUR;84339;581265101;581265101;7,092
DE;Befestigungsplatte;FIXING PLATE;0,00;;1,40;EUR;1,74;EUR;1,74;EUR;84339;587992401;587992401;4,728
DE;Abdeckung;;0,00;;1,56;EUR;1,93;EUR;1,93;EUR;84339;576697001;576697001;5,268
DE;Typschild R40 Li;LABEL R40LI;0,00;;1,56;EUR;2,24;EUR;2,24;EUR;84339;580928001;580928001;5,268
DE;Typschild R50 Li;LABEL R50 LI;0,00;;1,56;EUR;2,24;EUR;2,24;EUR;84339;587043501;587043501;5,268
DE;Radkappe;HUB CAP 2K GARDENA;0,00;;3,47;EUR;4,79;EUR;4,79;EUR;84339;598903301;598903301;11,724
DE;BOLZEN;BOLT;0,00;;3,28;EUR;1,62;EUR;1,62;EUR;84679100;371900701;371900701;11,088
DE;Kabelführung;CLIPS;0,00;;1,18;EUR;0,84;EUR;0,84;EUR;84339;577298401;577298401;3,984
DE;Staubdeckel Ø 210;HUB CAP;0,00;;3,57;EUR;4,86;EUR;4,86;EUR;84339;504539901;504539901;12,06
DE;Messerhalter                         *GO;BLADE HOLDER;0,00;;3,57;EUR;4,80;EUR;4,80;EUR;84339;510782600;510782600;12,06
DE;Stopptaste;BUTTON ASSY STOP;0,00;;5,13;EUR;6,32;EUR;6,32;EUR;84339;529343701;529343701;17,34
DE;Riemen                               *GO;SPARES BELT;0,00;;5,13;EUR;8,16;EUR;8,16;EUR;84339;510760500;510760500;17,34
DE;Verbindungsstange;STEEL ROD;0,00;;5,42;EUR;7,78;EUR;7,78;EUR;84339;585324102;585324102;18,312
DE;Polybeutel Schrauben                 *GO;FIXING KIT (PAC A MOW);0,00;;2,87;EUR;3,55;EUR;3,55;EUR;84339;510721703;510721703;9,696
DE;Kappe;CAP GARDENA;0,00;;6,41;EUR;8,71;EUR;0,57;EUR;84339;593307201;593307201;21,66
DE;Abdeckung (smart Sileno, smart Sileno+);HOOD SMOKEY;0,00;;5,07;EUR;6,90;EUR;6,90;EUR;84339;587986602;587986602;17,136
DE;Riegel rechts;LATCH RIGHT;0,00;;1,85;EUR;2,28;EUR;2,28;EUR;84339;586694801;586694801;6,252
DE;Verkabelung kpl., L=380 mm;WIRING ASSY L=380MM;0,00;;5,58;EUR;6,88;EUR;6,88;EUR;85444290;589351003;589351003;18,864
DE;Riegel links;HANDLE RH GARDENA HOUSE;0,00;;3,86;EUR;4,76;EUR;4,76;EUR;84339;596234601;596234601;13,044
DE;Riegel rechts;HANDLE LH RELEASE GARDENA HOUS;0,00;;3,86;EUR;4,76;EUR;4,76;EUR;84339;596234701;596234701;13,044
DE;Verbindungsstange;ROD STEEL GARDENA HOUSE;0,00;;4,34;EUR;6,24;EUR;6,24;EUR;84339;596234801;596234801;14,664
DE;Verkabelung Batterie;CABLE ASSY BATTERY EXTENSION;0,00;;7,02;EUR;9,56;EUR;9,56;EUR;84339;588124901;588124901;23,724
DE;Stütze;ROD;0,00;;7,05;EUR;10,12;EUR;10,12;EUR;84339;531205069;531205069;23,832
DE;Knopf Höhenverstellung;KNOB;0,00;;2,36;EUR;2,92;EUR;2,92;EUR;84339;587986501;587986501;7,98
DE;Knopf;KNOB;0,00;;2,36;EUR;2,92;EUR;2,92;EUR;84339;525347401;525347401;7,98
DE;Rahmen;FRAME;0,00;;10,05;EUR;12,51;EUR;12,51;EUR;84339;577707603;577707603;33,972
DE;Gewindebolzen M6;SPARES LOWER HANDLE BOLT M6;0,00;;2,52;EUR;3,11;EUR;3,11;EUR;84339;510761800;510761800;8,52
DE;Abstandsstück vorne links;SPACER;0,00;;2,52;EUR;3,11;EUR;3,11;EUR;84339;575582067;575582067;8,52
DE;Rad;WHEEL DRIVE;0,00;;5,20;EUR;7,18;EUR;7,18;EUR;84339;598903201;598903201;17,58
DE;Gehäuse;HOUSING MODULE TWO WHEEL;0,00;;10,69;EUR;13,17;EUR;13,17;EUR;84339;592654401;592654401;36,132
DE;Dichtung;GASKET;0,00;;2,68;EUR;3,72;EUR;3,72;EUR;40169300;529516301;529516301;9,06
DE;Heckklappe                           *GO;SAFETY FLAP;0,00;;11,33;EUR;15,40;EUR;15,40;EUR;84339;525348302;525348302;38,292
DE;"Schnappverbinder 1/2"", grau";WATER CONNECTOR;0,00;;3,00;EUR;4,40;EUR;4,40;EUR;84339;525347801;525347801;10,14
DE;Kabelführung;CHARGING STATION;0,00;;3,16;EUR;3,90;EUR;3,90;EUR;82084;581011701;581011701;10,68
DE;Kabelführung;GUIDE CHARGING STATION;0,00;;3,16;EUR;3,90;EUR;3,90;EUR;84339;587878401;587878401;10,68
DE;Gehäuse unten;CHASSIS LOWER;0,00;;6,35;EUR;7,82;EUR;7,82;EUR;84339;598901501;598901501;21,468
DE;Verkabelung Ladekontakt;WIRING ASSY CHARGING CABLE;0,00;;9,83;EUR;12,11;EUR;12,11;EUR;85444290;589351101;589351101;33,228
DE;Untergriff;LOWER HANDLE;0,00;;9,96;EUR;13,53;EUR;13,53;EUR;84339;576137368;576137368;33,66
DE;Träger;SUPPORT GARDENA HOUSE;0,00;;13,47;EUR;16,59;EUR;16,59;EUR;84339;596234101;596234101;45,528
DE;Filter;FILTER;0,00;;6,83;EUR;8,42;EUR;8,42;EUR;84339;575581967;575581967;23,088
DE;Verkabelung;WIRING ASSY MODULAR JACK 8/8 R;0,00;;6,83;EUR;8,41;EUR;8,41;EUR;85444290;589351001;589351001;23,088
DE;Walze '36;KIT;0,00;;6,99;EUR;8,61;EUR;8,61;EUR;84339;505209401;505209401;23,628
DE;FILTER MOTOR, 37E;FILTER;0,00;;6,99;EUR;8,61;EUR;8,61;EUR;84339;578906267;578906267;23,628
DE;Motorblende;COVER;0,00;;10,98;EUR;14,92;EUR;14,92;EUR;84679900;531213998;531213998;37,116
DE;Klappe grau (Sileno, Sileno+);HATCH KIT;0,00;;11,11;EUR;15,09;EUR;15,09;EUR;84339;501105901;501105901;37,548
DE;WALZE;ROLLER;0,00;;7,79;EUR;9,60;EUR;9,60;EUR;84339;295656901;295656901;26,328
DE;Gelenk                               *GO;LINK;0,00;;7,82;EUR;9,63;EUR;9,63;EUR;84339;531213263;531213263;26,436
DE;Radkappe;COVER REAR WHEEL;0,00;;3,99;EUR;5,51;EUR;5,51;EUR;84339;587806001;587806001;13,488
DE;Messerschutz;GUARD;0,00;;3,99;EUR;4,92;EUR;4,92;EUR;84339;589350701;589350701;13,488
DE;Abdeckung Höhenverst. (Sileno, Sileno+);HOOD GREY;0,00;;4,63;EUR;6,30;EUR;6,30;EUR;84339;587986601;587986601;15,648
DE;AXLE FRONT, 37CM;AXLE;0,00;;4,79;EUR;7,00;EUR;7,00;EUR;84339;575583601;575583601;16,188
DE;Achse hinten;AXLE;0,00;;4,79;EUR;7,00;EUR;7,00;EUR;84339;575583701;575583701;16,188
DE;Messerscheibe;CUTTING DISC CUTTING WIDTH 160;0,00;;5,14;EUR;6,90;EUR;6,90;EUR;84339;597656001;597656001;17,376
DE;Messerscheibe;CUTTING DISC 3 POSITIONS;0,00;;5,14;EUR;6,90;EUR;6,90;EUR;82084;598908701;598908701;17,376
DE;Abdeckung                            *GO;COVER;0,00;;5,14;EUR;6,99;EUR;6,99;EUR;84339;532413541;532413541;17,376
DE;Grundkörper;BASE HOUSE GARDENA;0,00;;21,68;EUR;29,45;EUR;29,45;EUR;84339;596233701;596233701;73,284
DE;Abdeckung oben;COVER TOP GARDENA;0,00;;16,54;EUR;22,48;EUR;22,48;EUR;84339;591362601;591362601;55,908
DE;Gehäuse, türkis (Sileno, smart Sileno);COVER TOP TURQUOISE;0,00;;16,86;EUR;22,91;EUR;22,91;EUR;84339;587986901;587986901;56,988
DE;Blende für Grundkörper;INSERT HOUSE GARDENA;0,00;;12,39;EUR;16,84;EUR;16,84;EUR;84339;596233901;596233901;41,88
DE;Griff                                *GO;HANDLE;0,00;;14,53;EUR;19,74;EUR;19,74;EUR;84679900;525347303;525347303;49,116
DE;Gehäuse unten;CHASSIS LOWER;0,00;;29,19;EUR;39,66;EUR;39,66;EUR;84339;591365401;591365401;98,664
DE;Bügel;LOOP;0,00;;7,76;EUR;10,55;EUR;10,55;EUR;84339;531205863;531205863;26,232
DE;Griff;HANDLE;0,00;;17,79;EUR;24,18;EUR;24,18;EUR;84679900;525347301;525347301;60,132
DE;Batterie Li Ion 18 V & Dichtung;BATTERY KIT;0,00;;31,94;EUR;46,89;EUR;46,89;EUR;85076;529807401;529807401;107,964
DE;Radmotor, kpl.;MOTOR KIT;0,00;;34,21;EUR;48,38;EUR;48,38;EUR;85013100;529343201;529343201;115,644
DE;Gehäuse, kpl. ohne Typschild (gra;BODY SYSTEM A104 R38LI-R50LI -;0,00;;82,96;EUR;118,76;EUR;118,76;EUR;84339;577955311;577955311;280,428
DE;Gehäuse, kpl. ohne Typschild;BODY SYSTEM  R80LI;0,00;;90,18;EUR;129,08;EUR;129,08;EUR;84339;577955309;577955309;304,836
DE;Gehäuse;BODY ASSY;0,00;;32,84;EUR;44,62;EUR;44,62;EUR;84339;529342801;529342801;111,012
DE;Gehäuse;KIT MAIN BODY;0,00;;47,44;EUR;64,45;EUR;64,45;EUR;84339;579391702;579391702;160,368
DE;Ladestation R70Li vollst.;CHARGING STATION R70LI;0,00;;83,99;EUR;114,29;EUR;114,29;EUR;84339;577972302;577972302;283,92
DE;Blende Grundkörper;COVER REAR INSERT;0,00;;2,97;EUR;4,05;EUR;4,05;EUR;84339;586694601;586694601;10,044
DE;Radabdeckung Ø 190;HUB CAP;0,00;;2,97;EUR;3,66;EUR;3,66;EUR;84339;544445901;544445901;10,044
DE;Klappe;HATCH GARDENA HOUSE;0,00;;6,71;EUR;9,12;EUR;9,12;EUR;84339;596234001;596234001;22,68
DE;Abdeckung kpl.;COVER ASSY;0,00;;36,07;EUR;51,64;EUR;51,64;EUR;84339;501106001;501106001;121,932
DE;Filter                               *GO;FILTER;0,00;;1,82;EUR;2,78;EUR;2,78;EUR;84339;525300701;525300701;6,156
DE;Gehäuse R50LI;BODY SYSTEM R50LI;0,00;;75,75;EUR;108,43;EUR;108,43;EUR;84339;577955308;577955308;256,068
DE;Riegel rechts;HANDLE RELEASE RIGHT;0,00;;3,77;EUR;4,66;EUR;4,66;EUR;84339;585324003;585324003;12,744
DE;Riegel links;HANDLE RELEASE LEFT;0,00;;3,77;EUR;4,66;EUR;4,66;EUR;84339;585324004;585324004;12,744
DE;Tastatur;KEYBOARD DISPLAY COVER R 50;0,00;;13,10;EUR;19,15;EUR;19,15;EUR;84339;586945601;586945601;44,28
DE;Tastatur;KEYBOARD DISPLAY COVER;0,00;;13,10;EUR;19,15;EUR;19,15;EUR;84339;586945602;586945602;44,28
DE;Segment;SEGMENT;0,00;;1,66;EUR;2,06;EUR;2,06;EUR;84339;587909901;587909901;5,616
DE;Rad, kpl. Ø 280;WHEEL ASSY;0,00;;12,97;EUR;11,57;EUR;11,57;EUR;84669280;505436001;505436001;43,848
DE;Schalterabdeckung                    *GO;SWITCHBOX;0,00;;4,12;EUR;5,60;EUR;5,60;EUR;39269097;522720801;522720801;13,932
DE;Auslöser (Paar)                      *GO;ACTUATOR;0,00;;1,82;EUR;2,49;EUR;2,49;EUR;84339;522721401;522721401;6,156
DE;Klappe (smart Sileno, smart Sileno+);HATCH KIT  SMART GARDEN;0,00;;12,11;EUR;16,46;EUR;16,46;EUR;84339;501166901;501166901;40,932
DE;Einstellhebel kpl.;HANDLE ASSY;0,00;;2,62;EUR;3,77;EUR;3,77;EUR;84339;502502701;502502701;8,856
DE;Schalter;SWITCH;0,00;;4,73;EUR;6,44;EUR;6,44;EUR;84339;521951201;521951201;15,984
DE;Schraube;SCREW;0,00;;0,16;EUR;0,21;EUR;0,21;EUR;84679900;522490801;522490801;0,54
DE;Scheibe;WASHER;0,00;;0,32;EUR;0,40;EUR;0,40;EUR;73182200;529551001;529551001;1,08
DE;Abstandsstück hinten rechts;SPACER;0,00;;2,62;EUR;3,23;EUR;3,23;EUR;84339;575582267;575582267;8,856
DE;Grundplatte;BASE PLATE;0,00;;14,92;EUR;18,38;EUR;18,38;EUR;84339;575717901;575717901;50,436
DE;Gehäuseschale, türkis;COVER;0,00;;11,79;EUR;16,02;EUR;16,02;EUR;82084;577707301;577707301;39,852
DE;Luftfilter Set  (10 Stück);AIR FILTER P3 SPARES KIT (10);0,00;;54,41;EUR;71,09;EUR;71,09;EUR;84213100;577753702;577753702;183,924
DE;Gehäuse, kpl. ohne Typschild , gr;BODY SYSTEM A104 R70LI-R80LI -;0,00;;84,76;EUR;121,34;EUR;121,34;EUR;84339;577955312;577955312;286,524
DE;Obergehäuse kpl.;KIT DISPLAY COVER INCL SEALING;0,00;;19,52;EUR;24,04;EUR;24,04;EUR;84339;579391903;579391903;65,988
DE;Halter;HOLDER WEIGHT;0,00;;1,79;EUR;2,21;EUR;2,21;EUR;84339;587805801;587805801;6,048
DE;Ladestation, kpl.;CHARGING STATION;0,00;;89,52;EUR;121,83;EUR;121,83;EUR;84339;587832901;587832901;302,616
DE;Ladestation P15;CHARGING STATION P15 GARDENA R;0,00;;89,52;EUR;121,83;EUR;121,83;EUR;85044055;587832902;587832902;302,616
DE;Schraube mit Scheibe                 *GO;SPARES BLADE BOLT;0,00;;1,31;EUR;1,62;EUR;1,62;EUR;84339;510760900;510760900;4,428
DE;Abdeckung, vorne                     *GO;KIT;0,00;;8,21;EUR;10,59;EUR;10,59;EUR;84339;574254501;574254501;27,756
DE;Netzgerät AU / NZ;POWER UNIT;0,00;;29,30;EUR;32,45;EUR;32,45;EUR;82084;577975105;577975105;99,048
DE;Netzgerät CH                        Serv;POWER UNIT CH;0,00;;29,30;EUR;32,45;EUR;32,45;EUR;85043180;578906903;578906903;99,048
DE;Netzgerät AU/NZ;POWER UNIT AUS/NZ;0,00;;29,30;EUR;32,45;EUR;32,45;EUR;84339;578906905;578906905;99,048
DE;Netzgerät CH                          *U;POWER UNIT CH R40LI/R45LI;0,00;;29,30;EUR;32,45;EUR;32,45;EUR;85043180;581291203;581291203;99,048
DE;Vorderachse;FRONT AXLE;0,00;;20,45;EUR;29,89;EUR;29,89;EUR;84339;573976001;573976001;69,132
DE;Platine kpl.(smart Sileno,smart Sileno+);PRINTED CIRCUIT ASSY CB TYPE G;0,00;;84,33;EUR;114,76;EUR;114,76;EUR;85340090;599243801;599243801;285,072
DE;Gehäuse, schwarz;KIT MAINBODY R40LI;0,00;;64,33;EUR;87,41;EUR;87,41;EUR;82084;579391701;579391701;217,464
DE;Rahmen, silber (Sileno, smart Sileno);FRAME SILVER;0,00;;12,59;EUR;17,11;EUR;17,11;EUR;84339;587986702;587986702;42,564
DE;Netzgerät UK AM 308/R70Li;POWER UNIT UK AM308/R70LI;0,00;;34,93;EUR;42,96;EUR;42,96;EUR;84339;581145102;581145102;118,08
DE;Netzgerät AUS/NZ AM308/R70Li;POWER UNIT AUS/NZ AM308/R70LI;0,00;;34,93;EUR;42,96;EUR;42,96;EUR;84339;581145105;581145105;118,08
DE;Gehäuse;HOUSING;0,00;;52,54;EUR;71,39;EUR;71,39;EUR;84339;515991452;515991452;177,612
DE;Grundplatte Ladestation;CHARGING PLATE KIT;0,00;;31,32;EUR;42,62;EUR;42,62;EUR;39269097;529343101;529343101;105,876
DE;Heckklappe;SAFETY FLAP;0,00;;9,81;EUR;13,33;EUR;13,33;EUR;84339;525348301;525348301;33,168
DE;Deckel kpl.;LID ASSEMBLY P0 HOUSE;0,00;;48,45;EUR;66,54;EUR;66,54;EUR;39269097;596234201;596234201;163,788
DE;Rahmen Haube, silber;FRAME;0,00;;9,11;EUR;12,38;EUR;12,38;EUR;82084;577707601;577707601;30,792
DE;Rahmen;FRAME  MOULDED;0,00;;9,11;EUR;12,38;EUR;12,38;EUR;84339;577707604;577707604;30,792
DE;Abdeckung;COVER FRONT INSERT;0,00;;8,98;EUR;12,20;EUR;12,20;EUR;84339;586694401;586694401;30,36
DE;Gehäuse oben;CHASSIS ASSY UPPER;0,00;;25,76;EUR;35,00;EUR;35,00;EUR;84339;529343801;529343801;87,084
DE;Netzgerät UK 28V, 1,3A;POWER UNIT POWER SUPPLY 1,3A T;0,00;;33,59;EUR;37,21;EUR;11,39;EUR;85044055;590442202;590442202;113,556
DE;Netzgerät CH 28 Volt 1,3A;POWER UNIT POWER SUPPLY 1,3A T;0,00;;33,59;EUR;37,21;EUR;11,18;EUR;85044055;590442203;590442203;113,556
DE;MESSER;BLADE;0,00;;14,96;EUR;18,43;EUR;18,43;EUR;84339;295611813;295611813;50,568
DE;Walze '42                            *GO;ROLLER;0,00;;7,32;EUR;9,01;EUR;9,01;EUR;84339;522828201;522828201;24,744
DE;Netzgerät CH;POWER UNIT;0,00;;27,52;EUR;40,38;EUR;40,38;EUR;85043180;581145103;581145103;93,036
DE;Gelenkträger;BEAM HINGE;0,00;;13,36;EUR;16,45;EUR;16,45;EUR;84339;586694201;586694201;45,168
DE;Deckel;LID ASSY;0,00;;30,91;EUR;41,99;EUR;41,99;EUR;84339;501118201;501118201;104,496
DE;Abdeckung, grau;CHARGING STATION COVER GREY 10;0,00;;23,75;EUR;32,27;EUR;32,27;EUR;85044055;584618302;584618302;80,292
DE;Motoraufnahme                        *GO;SPARES MOTOR BASEPLATE ASSY;0,00;;17,07;EUR;21,03;EUR;21,03;EUR;84339;510760300;510760300;57,708
DE;Gehäuseschale;COVER;0,00;;11,38;EUR;15,47;EUR;15,47;EUR;84339;577707303;577707303;38,472
DE;Blende kpl.;PLATE KIT R40LI;0,00;;5,53;EUR;7,52;EUR;7,52;EUR;84339;579392105;579392105;18,696
DE;Stopptaste;BUTTON;0,00;;5,02;EUR;6,83;EUR;6,83;EUR;82084;577706601;577706601;16,968
DE;Stoptaste;BUTTON STOP;0,00;;5,02;EUR;6,83;EUR;6,83;EUR;84339;587987201;587987201;16,968
DE;Stoptaste;BUTTON ASSY STOP;0,00;;5,02;EUR;6,83;EUR;6,83;EUR;84339;591452501;591452501;16,968
DE;Gehäuse;HOUSING CHARGING STATION;0,00;;19,82;EUR;26,92;EUR;26,92;EUR;84339;585071201;585071201;67,008
DE;Abdeckung;COVER HEIGHT ADJUSTMENT;0,00;;9,88;EUR;13,42;EUR;13,42;EUR;84339;577707203;577707203;33,396
DE;Messermotor;CUTTING SYSTEM;0,00;;14,13;EUR;18,95;EUR;18,95;EUR;85013100;529343501;529343501;47,772
DE;Gelenkträger;BEAM HINGE GARDENA HOUSE;0,00;;18,48;EUR;22,77;EUR;22,77;EUR;84339;596234501;596234501;62,472
DE;Fangsack;GRASSBAG;0,00;;13,81;EUR;19,82;EUR;19,82;EUR;87169090;525348103;525348103;46,692
DE;Tastatur;KEYPAD MINIMO;0,00;;13,78;EUR;20,14;EUR;20,14;EUR;;598946901;598946901;46,584
DE;Grundkörper;COVER KIT BASE;0,00;;17,17;EUR;23,34;EUR;23,34;EUR;84339;587916301;587916301;58,044
DE;Deckel;COVER KIT LID;0,00;;19,92;EUR;27,06;EUR;27,06;EUR;84339;587916401;587916401;67,344
DE;Hebel                                *GO;LEVER,;0,00;;4,27;EUR;6,26;EUR;6,26;EUR;84339;531211754;531211754;13,404
DE;Deckel;COVER MAIN;0,00;;11,16;EUR;15,16;EUR;15,16;EUR;84339;577707304;577707304;37,728
DE;Abdeckung Ladestation R40+R45;CHARGING STATION COVER R40+R45;0,00;;14,39;EUR;19,56;EUR;19,56;EUR;82084;584618301;584618301;48,648
DE;Gehäuse;HOUSING MODULE ONE WHEEL;0,00;;10,65;EUR;14,47;EUR;14,47;EUR;84339;582824601;582824601;36
DE;Holm Oberteil, ohne Schalter;HANDLE;0,00;;10,20;EUR;13,86;EUR;13,86;EUR;84339;576842201;576842201;34,488
DE;Gehäuse grau (Sileno+, smart Sileno+);COVER TOP GREY;0,00;;16,95;EUR;23,03;EUR;23,03;EUR;84339;587986902;587986902;57,3
DE;Zahnradsatz kpl.;PINION SET;0,00;;3,39;EUR;4,97;EUR;4,97;EUR;84339;371914701;371914701;11,46
DE;Rad;WHEEL GARDENA P0;0,00;;9,02;EUR;12,45;EUR;12,45;EUR;84339;590587101;590587101;30,492
DE;Abdeckung;COVER;0,00;;5,98;EUR;7,37;EUR;7,37;EUR;84339;532413542;532413542;20,22
DE;Rahmen, türkis (Sileno+, smart Sileno+);FRAME TURQUOISE;0,00;;12,70;EUR;17,26;EUR;17,26;EUR;84339;587986701;587986701;42,936
DE;Abdeckung oben;COVER TOP GARDENA;0,00;;12,70;EUR;17,26;EUR;17,26;EUR;84339;598901001;598901001;42,936
DE;Stoßleiste;BUMPER REAR;0,00;;12,19;EUR;16,56;EUR;16,56;EUR;84339;577706502;577706502;41,208
DE;Schraubensatz (4ST.);SCREW KIT ANCHOR SCREW  4 PCS;0,00;;2,43;EUR;3,00;EUR;3,00;EUR;39269097;575238606;575238606;8,22
DE;Führungsschiene;GUIDE RAIL;0,00;;2,27;EUR;2,81;EUR;2,81;EUR;82084;574501901;574501901;7,68
DE;Abstandsstück vorne rechts;SPACER;0,00;;2,27;EUR;2,81;EUR;2,81;EUR;84339;575582167;575582167;7,68
DE;Dichtungssatz;SEAL KIT P15 GARDENA;0,00;;6,24;EUR;8,65;EUR;8,65;EUR;40169300;589899701;589899701;21,096
DE;Radkappe;HUB CAP;0,00;;4,16;EUR;5,75;EUR;5,75;EUR;84339;590660201;590660201;14,064
DE;Blende;KIT PLATE, LOGO KIT INCL.;0,00;;5,76;EUR;7,82;EUR;7,82;EUR;82084;579392101;579392101;19,476
DE;Ersatz Radbürsten Set (4 St.);REFILL KIT 4 X BRUSH;0,00;;7,49;EUR;9,22;EUR;9,22;EUR;84339;593373701;593373701;25,32
DE;Messerschutz;GUARD CUTTING DISC;0,00;;5,41;EUR;6,67;EUR;6,67;EUR;84339;590939801;590939801;18,288
DE;Rasenmäher Kit;LAWN MOWER KIT;0,00;;3,49;EUR;5,02;EUR;5,02;EUR;84339;578323701;578323701;11,796
DE;SPRENGRING;LOCKING WASHER;0,00;;1,73;EUR;2,55;EUR;2,55;EUR;84339;371902101;371902101;5,844
DE;Verschlußkappe;LOCK;0,00;;1,73;EUR;2,13;EUR;2,13;EUR;82084;575408201;575408201;5,844
DE;Batteriekabel, L=34 cm;WIRING ASSY BATTERY CABLE L=34;0,00;;5,12;EUR;6,31;EUR;6,31;EUR;85444290;529327004;529327004;17,316
DE;Dichtung;SEALING STRIP CHASSIS UPPER;0,00;;1,60;EUR;2,23;EUR;2,23;EUR;40169300;574874717;574874717;5,412
DE;Display Klappe;HATCH;0,00;;7,14;EUR;9,71;EUR;9,71;EUR;84339;582844201;582844201;24,144
DE;Rahmen;FRAME  GARDENA;0,00;;7,14;EUR;9,71;EUR;9,71;EUR;84339;591362801;591362801;24,144
DE;Platte;PLATE;0,00;;1,25;EUR;1,54;EUR;1,54;EUR;84339;579686801;579686801;4,224
DE;Halter;BRACKET CONNECTOR;0,00;;1,25;EUR;1,55;EUR;1,55;EUR;84339;587878501;587878501;4,224
DE;Holm Unterteil                       *GO;SPARES HANDLE LOWER;0,00;;5,67;EUR;7,70;EUR;7,70;EUR;84339;510762600;510762600;19,176
DE;Deckel unten;COVER LOWER COVER FOR PANEL;0,00;;3,75;EUR;5,10;EUR;5,10;EUR;84339;501491101;501491101;12,684
DE;Gewicht;WEIGHT SQUARE BAR 507.8 G;0,00;;4,68;EUR;6,71;EUR;6,71;EUR;84339;598503603;598503603;15,828
DE;Vorderachse;FRONT  AXLE;0,00;;3,72;EUR;5,44;EUR;5,44;EUR;84339;510783300;510783300;12,576
DE;Riegel links;HANDLE LEFT;0,00;;2,79;EUR;3,45;EUR;3,45;EUR;84339;586694701;586694701;9,432
DE;Typschild R45 Li;LABEL;0,00;;3,59;EUR;5,16;EUR;5,16;EUR;84339;581966601;581966601;12,144
DE;Drehknopf Schnitthöhenverstellung;KIT KNOB KIT R40LI;0,00;;3,56;EUR;4,39;EUR;4,39;EUR;82084;579392201;579392201;12,036
DE;Bedienungsanweisung;OM R40LI, R45LI, R50 GER;0,00;;1,59;EUR;2,03;EUR;2,03;EUR;49111090;115706951;115706951;3,936
DE;Kurzanleitung;QG R40LI, R45LI, R50LI, R7;0,00;;1,59;EUR;2,03;EUR;2,03;EUR;49111090;115724451;115724451;3,936
DE;Bedienungsanleitung Sileno, Sileno+;OM GARDENA SILENO GER;0,00;;1,59;EUR;2,03;EUR;2,03;EUR;49111090;115780851;115780851;3,936
DE;Kurzanleitung Sileno, Sileno+;QG GARDENA SILENO GER;0,00;;1,59;EUR;2,03;EUR;2,03;EUR;49111090;115785951;115785951;3,936
DE;Bedienungsanleitung;OPERATOR'S MANUAL OM P01 GAR D;0,00;;1,59;EUR;2,03;EUR;2,03;EUR;49111090;115894551;115894551;3,936
DE;Kurzanleitung;QUICK GUIDE QG P01 GAR DE GERM;0,00;;1,59;EUR;2,03;EUR;2,03;EUR;49111090;115894651;115894651;3,936
DE;Scheibe Starlock (4 Stück);WASHER STARLOCK;0,00;;2,31;EUR;2,85;EUR;2,85;EUR;84339;577713701;577713701;7,812
DE;Kurzanleitung (smart Sileno/Sileno+);GUIDE SMART QUICK GUIDE;0,00;;1,59;EUR;2,03;EUR;2,03;EUR;49111090;579839101;579839101;3,936
DE;Kurzanleitung smart System;QG SMART;0,00;;1,59;EUR;2,03;EUR;2,03;EUR;49111090;579839401;579839401;3,936
DE;Höhenanzeige;PLATE HEIGHT INDICATION;0,00;;3,53;EUR;4,36;EUR;4,36;EUR;84339;587987001;587987001;11,94
DE;Dichtungskit;SEAL KIT;0,00;;3,21;EUR;4,46;EUR;4,46;EUR;84339;588407001;588407001;10,86
DE;Typschild R38 Li;LABEL MODEL NAME R38LI;0,00;;2,44;EUR;3,51;EUR;3,51;EUR;84339;587043503;587043503;8,256
DE;Andruckrolle                         *GO;PIN ROLLER;0,00;;2,25;EUR;2,78;EUR;2,78;EUR;84339;510763400;510763400;7,608
DE;Arm;ARM;0,00;;1,67;EUR;2,07;EUR;2,07;EUR;84339;512802500;512802500;5,652
DE;Batteriehalter;BRACKET BATTERY;0,00;;1,51;EUR;1,87;EUR;1,87;EUR;84339;599271701;599271701;5,112
DE;Halterung;CLIP PCB;0,00;;1,48;EUR;1,83;EUR;1,83;EUR;39269097;591474201;591474201;5,004
DE;Schriftzug GARDENA;LOGO GARDENA;0,00;;0,90;EUR;1,31;EUR;1,31;EUR;48211010;510310301;510310301;3,048
DE;Schenkelfeder                        *GO;SPRING;0,00;;1,32;EUR;1,64;EUR;1,64;EUR;73202089;505474301;505474301;4,464
DE;Kabelhalter;HOLDER;0,00;;0,87;EUR;0,32;EUR;0,32;EUR;84339;580682901;580682901;2,94
DE;Abdeckung;COVER;0,00;;1,61;EUR;1,99;EUR;1,99;EUR;84339;576053901;576053901;5,448
DE;SPERRSTIFT;PAWL;0,00;;1,16;EUR;1,70;EUR;1,70;EUR;84339;371379101;371379101;3,924
DE;TorxSchlüssel T20;WRENCH T20;0,00;;1,16;EUR;1,86;EUR;1,86;EUR;82041100;529342701;529342701;3,924
DE;Messerbolzen, kpl.;BLADE BOLT;0,00;;1,16;EUR;1,44;EUR;1,44;EUR;84339;577713901;577713901;3,924
DE;Feder                                *GO;SPRING;0,00;;1,45;EUR;1,80;EUR;1,80;EUR;73202085;510805100;510805100;4,908
DE;* RING;WASHER;0,00;;0,71;EUR;0,89;EUR;0,89;EUR;84339;371914401;371914401;2,4
DE;Feder;BRACKET;0,00;;1,42;EUR;1,76;EUR;1,76;EUR;84339;587915001;587915001;4,8
DE;Aufkleber;LABEL;0,00;;1,74;EUR;2,51;EUR;2,51;EUR;84339;577880602;577880602;5,892
DE;AntiDiebstahlaufkleber;LABEL;0,00;;1,00;EUR;1,45;EUR;1,45;EUR;82084;578910601;578910601;3,384
DE;Ersatzfeder f. Klappe                *GO;SPARES SPRING FLAP;0,00;;1,26;EUR;1,82;EUR;1,82;EUR;84339;510761900;510761900;4,26
DE;Scheibe;WASHER STEEL;0,00;;0,58;EUR;0,73;EUR;0,73;EUR;84339;510019501;510019501;1,968
DE;Scheibe;WASHER;0,00;;0,58;EUR;0,73;EUR;0,73;EUR;73182200;579686501;579686501;1,968
DE;Scheibe;WASHER;0,00;;0,58;EUR;0,73;EUR;0,73;EUR;84339;514825900;514825900;1,968
DE;Schraube 4,3x16;SCREW;0,00;;0,29;EUR;0,37;EUR;0,37;EUR;73181499;531208844;531208844;0,984
DE;Schraube                             *GO;;0,00;;0,29;EUR;0,37;EUR;0,37;EUR;84339;531213870;531213870;0,984
DE;Feder;SPRING;0,00;;1,13;EUR;1,40;EUR;1,40;EUR;73209010;587914901;587914901;3,828
DE;AntiDiebstahlaufkleber;LABEL PIN CODE;0,00;;0,84;EUR;1,22;EUR;1,22;EUR;48211010;502405301;502405301;2,844
DE;Feder;SPRING;0,00;;0,84;EUR;1,05;EUR;1,05;EUR;84339;514912900;514912900;2,844
DE;Scheibe;WASHER;0,00;;0,84;EUR;1,05;EUR;1,05;EUR;84339;513918900;513918900;2,844
DE;Scheibe;WASHER;0,00;;0,65;EUR;0,81;EUR;0,81;EUR;73182200;579684301;579684301;2,196
DE;Scheibe;WASHER;0,00;;0,65;EUR;0,81;EUR;0,81;EUR;73182200;579686001;579686001;2,196
DE;Scheibe;WASHER;0,00;;0,65;EUR;0,81;EUR;0,81;EUR;73182200;579688701;579688701;2,196
DE;Schraube M6x14;WASHER;0,00;;0,65;EUR;0,81;EUR;0,81;EUR;73182200;587912701;587912701;2,196
DE;Schraubensatz                        *GO;SWITCHBOX;0,00;;0,91;EUR;1,12;EUR;1,12;EUR;84339;579443701;579443701;3,084
DE;Filter                               *GO;SPARES FILTER;0,00;;0,49;EUR;0,65;EUR;0,65;EUR;84339;510761700;510761700;1,656
DE;Schraube 4x16                        *GO;SCREW;0,00;;0,36;EUR;0,45;EUR;0,45;EUR;73181595;510037501;510037501;1,224
DE;Schraube 5x16;SCREW;0,00;;0,36;EUR;0,45;EUR;0,45;EUR;73181499;531208216;531208216;1,224
DE;Mutter;NUT LOCKING;0,00;;0,56;EUR;0,69;EUR;0,69;EUR;73181692;579685801;579685801;1,896
DE;Schraube;SCREW CRPANT;0,00;;0,43;EUR;0,54;EUR;0,54;EUR;84679900;576047401;576047401;1,464
DE;SCHRAUBE;SCREW;0,00;;0,43;EUR;0,54;EUR;0,54;EUR;73181499;532181698;532181698;1,464
DE;Schraubensatz (5 Stück);SCREW;0,00;;0,43;EUR;0,54;EUR;0,54;EUR;84339;577713801;577713801;1,464
DE;Typschild R80 Li;LABEL MODEL NAME R80LI;0,00;;1,63;EUR;2,35;EUR;2,35;EUR;84339;587043502;587043502;5,508
DE;Steckerstift;;0,00;;2,10;EUR;4,45;EUR;4,45;EUR;84339;574645701;574645701;7,092
DE;Rahmen;FRAME;0,00;;6,85;EUR;14,83;EUR;14,83;EUR;84339;582916501;582916501;23,16
DE;Schraube M5x40;SCREW;0,00;;0,63;EUR;0,79;EUR;0,79;EUR;84339;531206346;531206346;2,124
DE;FEDER;SPRING;0,00;;1,20;EUR;1,48;EUR;1,48;EUR;84339;295613601;295613601;4,056
DE;Halteklammer;BRACKET;0,00;;1,30;EUR;1,61;EUR;1,61;EUR;82084;581011601;581011601;4,392
DE;Feder;SPRING;0,00;;1,59;EUR;2,28;EUR;2,28;EUR;82084;578445201;578445201;5,376
DE;Riemenführung;BELT GUIDE;0,00;;2,45;EUR;3,03;EUR;3,03;EUR;84339;544934401;544934401;8,28
DE;Federaufnahme;SPRING HOLDER;0,00;;0,86;EUR;1,07;EUR;1,07;EUR;84339;575415801;575415801;2,904
DE;Stütze;SUPPORT;0,00;;1,18;EUR;1,46;EUR;1,46;EUR;84339;579684701;579684701;3,984
DE;Rad, aussen;WHEEL FRONT OUTSIDE;0,00;;3,03;EUR;3,74;EUR;3,74;EUR;84339;585186901;585186901;10,236
DE;Achse;SHAFT;0,00;;4,95;EUR;7,24;EUR;7,24;EUR;84339;531205060;531205060;16,728
DE;Hebel Höheneinstellung;ARM;0,00;;5,78;EUR;7,13;EUR;7,13;EUR;84339;575582464;575582464;19,536
DE;Deckel;CAP CHARGING STATION;0,00;;14,50;EUR;19,71;EUR;19,71;EUR;84339;588042601;588042601;49,02
DE;Gehäuse Mähmotor;MOTOR HOUSING;0,00;;3,77;EUR;4,66;EUR;4,66;EUR;82084;574484501;574484501;12,744
DE;Hinterachse;REAR AXLE;0,00;;26,58;EUR;38,84;EUR;38,84;EUR;87084099;504800101;504800101;89,856
DE;Kondensator 0.22UF;CAPACITOR 0.22UF;0,00;;3,13;EUR;0,68;EUR;0,68;EUR;84339;513121600;513121600;10,584
DE;Hinterrad, kpl.;WHEEL ASSY;0,00;;9,36;EUR;12,92;EUR;12,92;EUR;84339;501106301;501106301;31,644
DE;Motor;MOTOR DC;0,00;;49,97;EUR;70,68;EUR;70,68;EUR;85011099;579686201;579686201;168,924
DE;Schneidsystem;CUTTING SYSTEM MODULE ASSY;0,00;;52,66;EUR;74,47;EUR;74,47;EUR;84339;593821401;593821401;178,02
DE;Gehäuse unten;CHASSIS LOWER;0,00;;16,49;EUR;22,40;EUR;22,40;EUR;84339;582824001;582824001;55,74
DE;Gehäuse oben;CHASSIS UPPER GARDENA;0,00;;16,49;EUR;22,40;EUR;22,40;EUR;84339;582824102;582824102;55,74
DE;Aufnahme, kpl.;PANEL ASSY  AMP;0,00;;13,71;EUR;19,63;EUR;19,63;EUR;84339;582356401;582356401;46,344
DE;Hinterachse;REAR AXLE;0,00;;24,00;EUR;35,08;EUR;35,08;EUR;87084091;510092801;510092801;81,132
DE;Batteriedeckel;COVER BATTERY;0,00;;4,54;EUR;5,59;EUR;5,59;EUR;84339;582824901;582824901;15,348
DE;Nabe Mähmotor;574373501;0,00;;3,87;EUR;4,78;EUR;4,78;EUR;82084;574373501;574373501;13,08
DE;Feder;SPRING;0,00;;3,04;EUR;3,75;EUR;3,75;EUR;84339;531213783;531213783;10,284
DE;Verbindungsstange;STEEL ROD P2 HOUSE;0,00;;3,01;EUR;4,33;EUR;4,33;EUR;82084;585324101;585324101;10,176
DE;Schutz;PROTECTOR;0,00;;4,13;EUR;5,62;EUR;5,62;EUR;84339;531210725;531210725;13,968
DE;Gewicht;WEIGHT CENTER;0,00;;6,47;EUR;7,97;EUR;7,97;EUR;84339;587249601;587249601;21,876
DE;Scharnier;HINGE;0,00;;2,37;EUR;2,93;EUR;2,93;EUR;82084;577707801;577707801;8,016
DE;Feder;SPRING;0,00;;3,75;EUR;4,62;EUR;4,62;EUR;84339;531205056;531205056;12,684
DE;Riemenführung;BELT GUIDE;0,00;;2,70;EUR;3,33;EUR;3,33;EUR;84679900;504103101;504103101;9,132
DE;Deckel;COVER CHARGING PLATE;0,00;;1,48;EUR;1,83;EUR;1,83;EUR;84339;585919301;585919301;5,004
DE;Zündung;KEY SWITCH;0,00;;1,35;EUR;1,67;EUR;1,67;EUR;84339;579686901;579686901;4,572
DE;Stütze;SUPPORT;0,00;;1,42;EUR;1,76;EUR;1,76;EUR;84339;579684901;579684901;4,8
DE;Befestigungsplatte;FIXING PLATE;0,00;;1,42;EUR;1,76;EUR;1,76;EUR;84339;587910901;587910901;4,8
DE;Feder;SPRING;0,00;;0,71;EUR;1,02;EUR;1,02;EUR;84339;588470201;588470201;2,4
DE;Schraube M6x80;SCREW;0,00;;1,58;EUR;1,96;EUR;1,96;EUR;73181499;531213517;531213517;5,352
DE;Abdeckung oben;COVER TOP;0,00;;12,43;EUR;28,29;EUR;28,29;EUR;84339;582824501;582824501;42,024
DE;Schraube;SCREW;0,00;;0,50;EUR;0,62;EUR;0,62;EUR;73181499;587912601;587912601;1,692
DE;Verschlussmutter;LOCK NUT;0,00;;0,50;EUR;0,62;EUR;0,62;EUR;73181692;587913401;587913401;1,692
DE;Abstandshalter;SPACER CHARGING STATION;0,00;;0,79;EUR;1,15;EUR;1,15;EUR;39269097;579460502;579460502;2,664
DE;Kappe;CAP COMPRESSION SPRING CAP;0,00;;1,17;EUR;1,45;EUR;1,45;EUR;84339;501490201;501490201;3,948
DE;Batteriedeckel;HATCH BATTERY;0,00;;3,09;EUR;3,81;EUR;3,81;EUR;84339;587805701;587805701;10,44
DE;Rad, innen;;0,00;;3,03;EUR;3,74;EUR;3,74;EUR;84339;585186801;585186801;10,236
DE;Motorgehäuse;MOTOR HOUSING;0,00;;4,31;EUR;5,32;EUR;5,32;EUR;84339;574484502;574484502;14,568
DE;Vorderrad, kpl.;WHEEL KIT;0,00;;17,34;EUR;23,93;EUR;23,93;EUR;84339;501106401;501106401;58,608
DE;Tastatur;"KEYBOARD 2,1"" DISPLAY  P01G";0,00;;13,19;EUR;19,29;EUR;19,29;EUR;84716070;583791001;583791001;44,58
DE;Tastatur;"KEYBOARD 2.1"" DISPLAY";0,00;;13,19;EUR;19,29;EUR;19,29;EUR;84339;588272801;588272801;44,58
DE;Gehäuse kpl.;CHASSIS ASSY LOWER;0,00;;20,95;EUR;28,46;EUR;28,46;EUR;84339;501106501;501106501;70,812
DE;Gelenkträger;BEAM P2 HOUSE;0,00;;8,59;EUR;10,58;EUR;10,58;EUR;82084;585341601;585341601;29,04
DE;Messermotor, kpl.;MOTOR ASSY;0,00;;39,74;EUR;56,21;EUR;56,21;EUR;84339;501843601;501843601;134,34
DE;Ladestation, vollst., 28 V, grau;CHARGING STATION ASSY GARDENA;0,00;;71,02;EUR;96,65;EUR;96,65;EUR;85044055;577972315;577972315;240,072
DE;Ladestation vollst. mit Adapterkabel;CHARGING STATION ASSY KIT GARD;0,00;;71,02;EUR;96,65;EUR;96,65;EUR;85044055;587797106;587797106;240,072
DE;Stoßleiste kpl.;BUMPER ASSY;0,00;;8,34;EUR;11,33;EUR;11,33;EUR;84339;501105801;501105801;28,188
DE;Tastatur;KEYBOARD;0,00;;13,10;EUR;19,15;EUR;19,15;EUR;82084;577708301;577708301;44,28
DE;Getriebebox;GEAR BOX;0,00;;32,09;EUR;46,24;EUR;46,24;EUR;84834090;504541402;504541402;108,48
DE;Platine Schleifensensor;PRINTED CIRCUIT ASSY LOOP SENS;0,00;;12,69;EUR;17,28;EUR;17,28;EUR;85340090;592909801;592909801;42,9
DE;Halter;BRACKET;0,00;;4,70;EUR;5,80;EUR;5,80;EUR;84339;532400723;532400723;15,888
DE;Mulchkit;51 MULCHING KIT;0,00;;18,64;EUR;22,95;EUR;22,95;EUR;84339;953876592;953876592;63,012
DE;Halter;BRACKET BATTERY HOLDER;0,00;;2,72;EUR;3,36;EUR;3,36;EUR;84339;582386101;582386101;9,192
DE;Dichtungssatz;SEAL KIT P0;0,00;;6,24;EUR;8,65;EUR;8,65;EUR;40169300;593265701;593265701;21,096
DE;Radabdeckung Ø210;HUB CAP;0,00;;3,30;EUR;4,07;EUR;4,07;EUR;84339;544446101;544446101;11,16
DE;Stütze;SUPPORT;0,00;;2,05;EUR;2,53;EUR;2,53;EUR;84339;577384201;577384201;6,936
DE;Achse;TIE ROD;0,00;;2,05;EUR;2,95;EUR;2,95;EUR;84679100;531211441;531211441;6,936
DE;Halter kpl.;HOLDER ASSY MAGNET;0,00;;2,57;EUR;3,17;EUR;3,17;EUR;85051990;501105702;501105702;8,688
DE;Aufnahme;SUPPORT REAR;0,00;;2,22;EUR;2,75;EUR;2,75;EUR;84339;585275701;585275701;7,512
DE;Feder;SPRING;0,00;;0,87;EUR;1,08;EUR;1,08;EUR;73209010;579687001;579687001;2,94
DE;Vierkantschraube                     *GO;BOLT;0,00;;1,58;EUR;1,96;EUR;1,96;EUR;84339;514885904;514885904;5,352
DE;Scheibe;WASHER;0,00;;0,58;EUR;0,73;EUR;0,73;EUR;73182200;587914601;587914601;1,968
DE;Schraube;BOLT;0,00;;0,97;EUR;1,21;EUR;1,21;EUR;84339;514919801;514919801;3,288
DE;Federscheibe;SPRING WASHER;0,00;;0,65;EUR;0,81;EUR;0,81;EUR;73182200;579684201;579684201;2,196
DE;Abdeckung Suchkabel;;0,00;;3,16;EUR;3,90;EUR;3,90;EUR;82084;575708501;575708501;10,68
DE;Halter;HOLDER;0,00;;12,20;EUR;15,03;EUR;15,03;EUR;84339;579685901;579685901;41,244
DE;Grundplatte für Ladestation;CHARGING STATION;0,00;;33,16;EUR;45,12;EUR;45,12;EUR;82084;575708302;575708302;112,092
DE;Grundplatte Ladestation;CHARGING STATION BASE PLATE;0,00;;28,18;EUR;38,36;EUR;38,36;EUR;84339;581551903;581551903;95,256
DE;Gehäuse;BODY ASSY GARDENA;0,00;;64,28;EUR;87,34;EUR;87,34;EUR;84339;596354201;596354201;217,296
DE;Verkabelung Ladestation;CABLE ASSY CHARGING STATION;0,00;;10,61;EUR;14,44;EUR;14,44;EUR;84339;588490302;588490302;35,868
DE;Grundplatte Ladestation;PLATE;0,00;;21,55;EUR;29,33;EUR;29,33;EUR;39269097;582784301;582784301;72,852
DE;Gehäuse oben, kpl.;KIT CHASSIS UPPER KIT 305 INCL;0,00;;17,17;EUR;23,34;EUR;23,34;EUR;84339;577752902;577752902;58,044
DE;Riemenscheibe;DISC;0,00;;2,75;EUR;3,75;EUR;3,75;EUR;84339;532187353;532187353;9,3
DE;Halter;BRACKET;0,00;;9,09;EUR;11,20;EUR;11,20;EUR;84339;587911801;587911801;30,732
DE;Verdrahtungsleitung Batterie;LOOM;0,00;;5,28;EUR;6,50;EUR;6,50;EUR;84339;574479801;574479801;17,856
DE;Hinterradlager;BEARING HOUSING;0,00;;1,41;EUR;2,10;EUR;2,10;EUR;84339;577715001;577715001;4,764
DE;Nabe;HUB;0,00;;3,91;EUR;4,82;EUR;4,82;EUR;82084;580793101;580793101;13,224
DE;Torsionsfeder;TORSION SPRING  DT=1,2MM;0,00;;0,77;EUR;1,12;EUR;1,12;EUR;84339;585255401;585255401;2,604
DE;Kabelbaumsatz für Ladeplatte;KIT LOOM CHARGING PLATE;0,00;;2,92;EUR;3,98;EUR;3,98;EUR;85044055;579443201;579443201;9,876
DE;Aufnahme, kpl.;COLUMN ASSY;0,00;;2,89;EUR;3,57;EUR;3,57;EUR;84339;590770701;590770701;9,78
DE;Schraube;SCREW;0,00;;0,29;EUR;0,37;EUR;0,37;EUR;84339;535095301;535095301;0,984
DE;Mutter M8;NUT;0,00;;0,91;EUR;1,12;EUR;1,12;EUR;73181692;504857801;504857801;3,084
DE;Rahmen;FRAME;0,00;;8,28;EUR;17,19;EUR;17,19;EUR;84339;531213467;531213467;27,996
DE;Bolzen;BOLT;0,00;;1,04;EUR;1,29;EUR;1,29;EUR;73181595;579686101;579686101;3,516
DE;Scharnier;HINGE BATTERY LID HINGE;0,00;;1,17;EUR;1,45;EUR;1,45;EUR;84339;501489801;501489801;3,948
DE;Höhenanzeige;HEIGHT INDICATOR;0,00;;1,17;EUR;1,45;EUR;1,45;EUR;82084;574503501;574503501;3,948
DE;Schraube M5x45;SCREW;0,00;;0,70;EUR;0,87;EUR;0,87;EUR;84679100;538235807;538235807;2,364
DE;Spindel Höhenverstellung;SCREW;0,00;;2,04;EUR;2,52;EUR;2,52;EUR;82084;574484601;574484601;6,9
DE;Grasdichtung;SEAL;0,00;;5,75;EUR;7,08;EUR;7,08;EUR;84339;579300901;579300901;19,44
DE;Grundplatte Ladestation;CHARGING STATION BASE PLATE;0,00;;29,84;EUR;40,61;EUR;40,61;EUR;84339;581551902;581551902;100,872
DE;Bedienelement;CONTROL;0,00;;32,79;EUR;46,27;EUR;46,27;EUR;84339;579686401;579686401;110,844
DE;Displayplatine, kpl.;PRINTED CIRCUIT ASSY HMI BOARD;0,00;;34,33;EUR;48,45;EUR;48,45;EUR;84679900;596253801;596253801;116,052
DE;MulchCutEinsatz;PLUG;0,00;;13,43;EUR;16,53;EUR;16,53;EUR;84339;531210617;531210617;45,408
DE;Messerscheibe;CUTTING DISC;0,00;;7,07;EUR;9,48;EUR;9,48;EUR;82084;593589301;593589301;23,904
DE;Schraube;SCREW;0,00;;0,42;EUR;0,53;EUR;0,53;EUR;73181499;579686301;579686301;1,416
DE;Mutter M6;LOCKING BOLT;0,00;;0,36;EUR;0,45;EUR;0,45;EUR;84339;587913101;587913101;1,224
DE;Klammer;CLIP;0,00;;0,17;EUR;0,22;EUR;0,22;EUR;84339;531205581;531205581;0,576
DE;Mutter M5;NUT;0,00;;0,38;EUR;0,48;EUR;0,48;EUR;84339;531208492;531208492;1,284
DE;SCHRAUBE;SCREW;0,00;;2,64;EUR;1,96;EUR;1,96;EUR;84679100;725237951;725237951;8,916
DE;Niederspannungskabel 20 m;CABLE EFK C-HDPE 1,25 MM2, 20;0,00;;16,89;EUR;21,49;EUR;21,49;EUR;82084;577233508;577233508;57,096
DE;Gehäuse;BODY ASSY P0.1;0,00;;46,88;EUR;63,68;EUR;63,68;EUR;84339;591444501;591444501;158,472
DE;Kabel;CABLE ASSY HMI CABLE  L=185MM;0,00;;5,02;EUR;6,19;EUR;6,19;EUR;85444290;590110601;590110601;16,968
DE;Riemenführung;BELT GUIDE;0,00;;2,05;EUR;2,53;EUR;2,53;EUR;84339;544934301;544934301;6,936
DE;Feder;SPRING;0,00;;1,45;EUR;1,80;EUR;1,80;EUR;84339;531211191;531211191;4,908
DE;Sicherungsschraube;SCREW IHSETM;0,00;;0,29;EUR;0,37;EUR;0,37;EUR;82084;576213501;576213501;0,984
DE;Stift;PIN;0,00;;0,68;EUR;0,84;EUR;0,84;EUR;84339;531205169;531205169;2,304
DE;Stift;PIN;0,00;;2,26;EUR;1,18;EUR;1,18;EUR;84339;531206653;531206653;7,632
DE;Halter;BRACKET;0,00;;1,56;EUR;1,93;EUR;1,93;EUR;84339;535127901;535127901;5,268
DE;Gehäuse, kpl.;BODY ASSY;0,00;;56,71;EUR;77,05;EUR;77,05;EUR;84339;501105601;501105601;191,7
DE;Platte Stoßsensor;PLATE;0,00;;0,80;EUR;0,99;EUR;0,99;EUR;84339;576030101;576030101;2,7
DE;Fangsackgestell;BIN FRAME;0,00;;8,09;EUR;9,96;EUR;9,96;EUR;84339;531213588;531213588;27,348
DE;Fangkorb Oberteil;BAG;0,00;;13,24;EUR;16,48;EUR;16,48;EUR;87163950;577876701;577876701;44,76
DE;Gehäuse oben, kpl.;CHASSIS KIT UPPER;0,00;;16,31;EUR;22,17;EUR;22,17;EUR;84339;587448901;587448901;55,14
DE;Verschluß;LOCK;0,00;;1,26;EUR;1,57;EUR;1,57;EUR;84339;575409001;575409001;4,26
DE;Schraube;SCREW;0,00;;0,29;EUR;0,37;EUR;0,37;EUR;84339;510018701;510018701;0,984
DE;FEDER;SPRING;0,00;;0,84;EUR;1,05;EUR;1,05;EUR;84339;535130101;535130101;2,844
DE;Warnschild;LABEL WARNING;0,00;;0,91;EUR;1,31;EUR;1,31;EUR;84339;586359701;586359701;3,084
DE;Staubdeckel;DUST COVER;0,00;;1,43;EUR;3,01;EUR;3,01;EUR;84339;504827301;504827301;4,836
DE;Klappe;HATCH P2 HOUSE;0,00;;6,35;EUR;8,64;EUR;8,64;EUR;82084;585323601;585323601;21,468
DE;Getriebebox;GEAR BOX;0,00;;33,16;EUR;48,04;EUR;48,04;EUR;84834090;504541403;504541403;112,092
DE;Aufnahme links;SUPPORT BASE LEFT P2 HOUSE;0,00;;4,55;EUR;5,61;EUR;5,61;EUR;82084;585323802;585323802;15,384
DE;Stütze, kpl.;SUPPORT KIT;0,00;;4,04;EUR;4,98;EUR;4,98;EUR;84339;501106101;501106101;13,668
DE;Feder;SPRING;0,00;;1,32;EUR;1,64;EUR;1,64;EUR;73201090;522857701;522857701;4,464
DE;Sicherungsfeder;LOCKING SPRING;0,00;;0,87;EUR;1,08;EUR;1,08;EUR;82084;577103201;577103201;2,94
DE;Feder;SPRING;0,00;;1,07;EUR;1,32;EUR;1,32;EUR;84679100;531211840;531211840;3,624
DE;Kabelhalter;HOLDER CABLE;0,00;;0,27;EUR;0,33;EUR;0,33;EUR;84339;501055701;501055701;0,924
DE;Display Klappe smart;HATCH HMI GARDENA SMART;0,00;;7,12;EUR;13,01;EUR;13,01;EUR;84339;593348601;593348601;24,072
DE;Stütze;SUPPORT;0,00;;2,13;EUR;2,63;EUR;2,63;EUR;84339;531205944;531205944;7,2
DE;Schaltbrett;PANEL;0,00;;2,81;EUR;3,47;EUR;3,47;EUR;82084;579459801;579459801;9,504
DE;Rad, kpl.;WHEEL ASSY;0,00;;8,85;EUR;9,09;EUR;9,09;EUR;84339;544917302;544917302;29,916
DE;Platine Schleifensensor;PRINTED CIRCUIT ASSY LOOP SENS;0,00;;19,05;EUR;25,92;EUR;25,92;EUR;85340090;597181601;597181601;64,404
DE;Kabel;WIRING ASSY MODULAR JACK 6/6 R;0,00;;5,02;EUR;6,19;EUR;6,19;EUR;85444290;589350801;589350801;16,968
DE;Messerscheibe;CUTTING DISC;0,00;;5,14;EUR;6,90;EUR;6,90;EUR;84339;596507201;596507201;17,376
DE;Niederspannungskabel 21,6 V  20m;CABLE EFK C-HDPE 1,25 MM2, 20;0,00;;16,89;EUR;21,49;EUR;21,49;EUR;85444995;581166606;581166606;57,096
DE;Bolzen;BOLT;0,00;;0,48;EUR;0,61;EUR;0,61;EUR;73181595;579684101;579684101;1,62
DE;Halter;HOLDER;0,00;;2,41;EUR;2,97;EUR;2,97;EUR;82084;579459901;579459901;8,148
DE;Scheibe;WASHER;0,00;;1,67;EUR;2,07;EUR;2,07;EUR;82084;577093201;577093201;5,652
DE;Elektronik;CONTROL MOTOR;0,00;;39,61;EUR;56,03;EUR;56,03;EUR;85371098;598764502;598764502;133,896
DE;Verkabelung Lautsprecher;LOOM;0,00;;3,23;EUR;3,99;EUR;3,99;EUR;84339;576220201;576220201;10,92
DE;Säule;COLUMN FRONT;0,00;;1,42;EUR;1,76;EUR;1,76;EUR;84339;586342601;586342601;4,8
DE;Zahnscheibe;WASHER;0,00;;0,58;EUR;0,73;EUR;0,73;EUR;84339;535087401;535087401;1,968
DE;Höhenverstellung Mähmotor;COVER KIT;0,00;;9,40;EUR;13,73;EUR;13,73;EUR;84339;501106601;501106601;31,776
DE;Linse;LENS DIODE;0,00;;1,48;EUR;1,84;EUR;1,84;EUR;39269097;590217201;590217201;5,004
DE;Feder Stopptaste;SPRING;0,00;;0,87;EUR;1,08;EUR;1,08;EUR;84339;576242201;576242201;2,94
DE;Magnet Stoßsensor;MAGNET;0,00;;1,43;EUR;1,95;EUR;1,95;EUR;84339;576183301;576183301;4,836
DE;Radkappe;HUB CAP;0,00;;2,97;EUR;4,11;EUR;4,11;EUR;82084;577707901;577707901;10,044
DE;Verdrahtungsleitung Ladeplatte;LOOM CHARGING PLATE;0,00;;4,71;EUR;5,89;EUR;5,89;EUR;82084;574477702;574477702;15,924
DE;Messerbolzen;BLADE BOLT ASSY (BROWN);0,00;;1,99;EUR;2,45;EUR;2,45;EUR;84339;510777900;510777900;6,732
DE;Taste;KEY KEY;0,00;;1,65;EUR;2,37;EUR;2,37;EUR;84339;501490101;501490101;5,568
DE;Aufnahme rechts;SUPPORT BASE RIGHT P2 HOUSE;0,00;;4,55;EUR;5,61;EUR;5,61;EUR;82084;585323801;585323801;15,384
DE;Scheibe;WASHER;0,00;;0,58;EUR;0,73;EUR;0,73;EUR;84339;514026600;514026600;1,968
DE;Batteriekabel;WIRING ASSY BATTERY CABLE;0,00;;3,15;EUR;4,29;EUR;4,29;EUR;85444290;591203601;591203601;10,644
DE;Grundkörper;COVER BASE;0,00;;30,87;EUR;41,95;EUR;41,95;EUR;84339;586993801;586993801;104,352
DE;Riemenscheibe + Mutter;PULLEY;0,00;;4,99;EUR;7,29;EUR;7,29;EUR;84835020;544444401;544444401;16,872
DE;Scharnierbolzen;HINGE PIN P2 HOUSE;0,00;;0,68;EUR;0,84;EUR;0,84;EUR;82084;585341501;585341501;2,304
DE;Deckel;COVER AIR FILTER;0,00;;1,24;EUR;1,53;EUR;1,53;EUR;84339;586038901;586038901;4,188
DE;Hinterrad, kpl.;WHEEL ASSY SPINDLE;0,00;;6,42;EUR;8,86;EUR;8,86;EUR;84339;589300801;589300801;21,696
DE;Verkabelung Hebesensor;WIRING ASSY;0,00;;4,16;EUR;5,12;EUR;5,12;EUR;84339;588901201;588901201;14,064
DE;Messeraufnahme;BLADE SUPPORT;0,00;;3,53;EUR;3,71;EUR;3,71;EUR;84339;579684501;579684501;11,94
DE;Feder;SPRING;0,00;;1,10;EUR;1,36;EUR;1,36;EUR;73209090;583951302;583951302;3,72
DE;Aufnahme Gummidämpfer;SUPPORT CLAMP;0,00;;2,07;EUR;2,56;EUR;2,56;EUR;82084;575416002;575416002;6,996
DE;Lautsprecher;BUZZER;0,00;;7,63;EUR;10,38;EUR;10,38;EUR;84339;574475901;574475901;25,788
DE;Halter vorne;BRACKET;0,00;;1,36;EUR;1,68;EUR;1,68;EUR;82084;574469002;574469002;4,596
DE;Ladestation Turm;CHARGING TOWER;0,00;;54,71;EUR;74,45;EUR;74,45;EUR;85044055;593246402;593246402;184,944
DE;Ladeelektronik, kpl.;SENSOR ASSY REAR P0 589624601;0,00;;21,39;EUR;29,10;EUR;29,10;EUR;90269;593094601;593094601;72,312
DE;Magnet Hebesensor;MAGNET LIFT SENSOR;0,00;;3,06;EUR;4,17;EUR;4,17;EUR;85051990;576183202;576183202;10,344
DE;Motorgehäuse;MOTOR HOUSING;0,00;;6,40;EUR;7,89;EUR;7,89;EUR;82084;581020301;581020301;21,636
DE;Kugellager 6001 ZZ V2 LDS            *BR;BEARING 6001 ZZ V2 LDS;0,00;;2,03;EUR;2,35;EUR;2,35;EUR;84679100;538005362;538005362;6,864
DE;Scheibe;WASHER;0,00;;0,65;EUR;0,81;EUR;0,81;EUR;84339;531204922;531204922;2,196
DE;Riemen J6;BELT;0,00;;5,08;EUR;8,08;EUR;8,08;EUR;40103900;575502601;575502601;17,172
DE;Knopf;BUTTON CHARGING STATION;0,00;;1,65;EUR;2,04;EUR;2,04;EUR;84339;579462402;579462402;5,568
DE;Klemme;CLAMP;0,00;;0,20;EUR;0,25;EUR;0,25;EUR;84339;579529401;579529401;0,684
DE;Schraube M6;SCREW;0,00;;0,70;EUR;0,87;EUR;0,87;EUR;84339;535129303;535129303;2,364
DE;Verdrahtungsleitung Hebesensor;LOOM;0,00;;2,91;EUR;3,59;EUR;3,59;EUR;84339;574479001;574479001;9,84
DE;Kabelsatz;CABLE ASSY CHARGING STATION;0,00;;10,61;EUR;14,44;EUR;14,44;EUR;85444290;582381001;582381001;35,868
DE;Messerschutz;GUARD CUTTING DISC;0,00;;4,14;EUR;5,11;EUR;5,11;EUR;84679100;579758301;579758301;13,992
DE;Getriebebox;GEAR BOX;0,00;;31,29;EUR;45,09;EUR;45,09;EUR;84834090;544343203;544343203;105,78
DE;Verkabelung Display;WIRING ASSY;0,00;;6,36;EUR;7,84;EUR;7,84;EUR;84339;588832701;588832701;21,504
DE;Feder;SPRING;0,00;;0,94;EUR;1,16;EUR;1,16;EUR;84339;574485102;574485102;3,18
DE;Verkabelung;LOOM KIT GENERATOR BOARD;0,00;;6,07;EUR;8,26;EUR;8,26;EUR;84339;587651501;587651501;20,52
DE;SCHRAUBE;BOLT;0,00;;1,58;EUR;1,96;EUR;1,96;EUR;84339;532150406;532150406;5,352
DE;Schraube M4;SCREW ITXPANM;0,00;;0,43;EUR;0,54;EUR;0,54;EUR;84339;588222201;588222201;1,464
DE;Batteriedeckel;COVER;0,00;;4,43;EUR;6,20;EUR;6,20;EUR;82084;574467301;574467301;14,976
DE;AUX Kabel;LOOM AUX;0,00;;3,54;EUR;4,36;EUR;4,36;EUR;84339;579708601;579708601;11,964
DE;Schraube (10mm);SCREW;0,00;;0,29;EUR;0,37;EUR;0,37;EUR;84339;535130310;535130310;0,984
DE;Platine kpl.;PRINTED CIRCUIT ASSY PUSH #210;0,00;;14,18;EUR;17,46;EUR;17,46;EUR;85340019;582029202;582029202;47,928
DE;Rahmen;CHASSIS CHASSIS LOWER KIT INCL;0,00;;17,58;EUR;23,89;EUR;23,89;EUR;84339;577846203;577846203;59,436
DE;Schraube M8x55;SCREW;0,00;;1,67;EUR;2,06;EUR;2,06;EUR;84339;531211480;531211480;5,652
DE;Schraube M4x12;SCREW ITXPANM;0,00;;0,36;EUR;0,45;EUR;0,45;EUR;84339;576213801;576213801;1,224
DE;Verkabelung, Stoßsensor;LOOM LIFT, COLLISION;0,00;;3,73;EUR;4,60;EUR;4,60;EUR;84339;585208501;585208501;12,6
DE;Deckel;LID CHARGING STATION;0,00;;9,65;EUR;13,11;EUR;13,11;EUR;84339;585071401;585071401;32,616
DE;Gleitplatte;SKID PLATE;0,00;;4,85;EUR;6,51;EUR;6,51;EUR;82084;580792701;580792701;16,392
DE;Platte;PLATE;0,00;;1,26;EUR;1,57;EUR;1,57;EUR;84679100;531211581;531211581;4,26
DE;Adapter Set;WIRING ADAPTOR CABLE KIT;0,00;;12,36;EUR;11,28;EUR;11,28;EUR;84339;586189001;586189001;41,784
DE;Verkabelung Ladeplatte;LOOM CHARGING LINK;0,00;;4,08;EUR;5,03;EUR;5,03;EUR;84339;585539001;585539001;13,788
DE;Gehäuse kpl.;HOUSING ASSY CHARGING STATION;0,00;;26,10;EUR;35,47;EUR;35,47;EUR;84339;588416101;588416101;88,224
DE;Vierkantmutter;NUT;0,00;;0,70;EUR;0,75;EUR;0,01;EUR;73181692;503226601;503226601;2,364
DE;Gehäuse Hinterrad;HOUSING REAR WHEEL FLAME RETAR;0,00;;9,34;EUR;12,69;EUR;12,69;EUR;84339;574467202;574467202;31,572
DE;Klebemarkerset Kabel (10 Stück);STICKER CABLE MARKERS KIT 10PC;0,00;;8,18;EUR;12,71;EUR;12,71;EUR;84339;586277901;586277901;27,648
DE;Verkabelung kpl.;WIRING ASSY HMI;0,00;;8,05;EUR;10,96;EUR;10,96;EUR;84339;588797801;588797801;27,216
DE;Verdrahtungsleitung Ladestation;LOOM;0,00;;19,08;EUR;23,50;EUR;23,50;EUR;84339;574476502;574476502;64,5
DE;Sicherungsscheibe;LOCK WASHER;0,00;;0,17;EUR;0,22;EUR;0,22;EUR;73182900;584816903;584816903;0,576
DE;Demontagewerkzeug Sileno City;FORK TOOL;0,00;;0,21;EUR;0,35;EUR;0,35;EUR;84339;598764201;598764201;0,708
DE;Platine kpl. (ab Baujahr 2016);PCB ASSY MMI;0,00;;23,58;EUR;33,28;EUR;33,28;EUR;84339;588441901;588441901;79,716
DE;Grundplatte Ladestation;;0,00;;28,38;EUR;38,63;EUR;38,63;EUR;84339;587651602;587651602;95,94
DE;Sensorplatine kpl. (ab Baujahr 2016);;0,00;;14,04;EUR;20,75;EUR;20,75;EUR;85340090;592851901;592851901;47,472
DE;Scheibe;WASHER;0,00;;1,58;EUR;1,96;EUR;1,96;EUR;84339;525463202;525463202;5,352
DE;Schraube (3 Stück) inkl. Imbusschlüssel;SCREW KIT;0,00;;1,19;EUR;1,51;EUR;1,51;EUR;73182900;575238602;575238602;4,02
DE;Gewindestift;STUD;0,00;;0,37;EUR;0,47;EUR;0,47;EUR;84339;580526701;580526701;1,248
DE;Scheibe;SEGMENT;0,00;;1,73;EUR;2,14;EUR;2,14;EUR;84339;531211474;531211474;5,844
DE;Microschalter;SWITCH STOP BUTTON NO ANCHOR;0,00;;9,64;EUR;13,11;EUR;13,11;EUR;84339;574480302;574480302;32,58
DE;Messerscheibe;CUTTING DISC;0,00;;5,28;EUR;7,08;EUR;7,08;EUR;82084;580792802;580792802;17,856
DE;Scheibe;WASHER;0,00;;0,78;EUR;0,97;EUR;0,97;EUR;84339;734113741;734113741;2,64
DE;Microschalter;SWITCH;0,00;;7,63;EUR;13,22;EUR;13,22;EUR;84339;574480301;574480301;25,788
DE;Verkabelung Ladestation;CABLE ASSY;0,00;;12,76;EUR;17,38;EUR;17,38;EUR;84339;581225903;581225903;43,14
DE;Schraube;SCREW;0,00;;1,73;EUR;2,14;EUR;2,14;EUR;73181499;531208008;531208008;5,844
DE;Verdrahtungsleitung Display;LOOM;0,00;;3,05;EUR;3,76;EUR;3,76;EUR;84339;574479201;574479201;10,32
DE;Scheibe;WASHER REAR WHEEL 16X40X1,5;0,00;;1,55;EUR;1,92;EUR;1,92;EUR;84339;586210601;586210601;5,244
DE;Ladekontakt;CONTACT CS;0,00;;1,44;EUR;3,18;EUR;3,18;EUR;84339;587125101;587125101;4,872
DE;Riemenführung;WEAR PROTECTION;0,00;;1,62;EUR;2,00;EUR;2,00;EUR;84339;504046101;504046101;5,472
DE;Sensorplatine;PRINTED CIRCUIT ASSY SENSOR BO;0,00;;20,85;EUR;28,37;EUR;28,37;EUR;85340090;592618101;592618101;70,476
DE;Lager;BEARING;0,00;;1,74;EUR;2,50;EUR;2,50;EUR;84828;587912901;587912901;5,892
DE;Hinterrad Lagerkit;REAR WHEEL KIT;0,00;;6,65;EUR;17,78;EUR;17,78;EUR;84339;578275201;578275201;22,476
DE;Platine, kpl. AM305/308/R40Li/70Li;PRINTED CIRCUIT ASSY MAIN BOAR;0,00;;101,51;EUR;143,25;EUR;143,25;EUR;85340090;592850901;592850901;343,152
DE;Feder;SPRING;0,00;;2,60;EUR;1,40;EUR;1,40;EUR;73209010;544934701;544934701;8,796
DE;Spindel 6mm;SPINDLE FRONT WHEEL 6 MM;0,00;;3,06;EUR;4,48;EUR;4,48;EUR;84339;585187201;585187201;10,344
DE;Niederspannungskabel 21,6 V  10 m;CABLE EFK C-HDPE 1,25 MM2, 10;0,00;;12,90;EUR;13,53;EUR;13,53;EUR;82084;577233507;577233507;43,608
DE;USB Kabel;CABLE USB;0,00;;1,82;EUR;2,53;EUR;2,53;EUR;85444290;577518102;577518102;6,156
DE;Scheibe;WASHER;0,00;;0,58;EUR;0,73;EUR;0,73;EUR;84339;531208772;531208772;1,968
DE;Radmotor kpl.;WHEEL MOTOR ASSY WHEEL MOTOR K;0,00;;54,65;EUR;77,29;EUR;77,29;EUR;85013100;577839906;577839906;184,74
DE;Kabel;CABLE;0,00;;7,36;EUR;9,72;EUR;9,72;EUR;84339;544908001;544908001;24,888
DE;Anschlusselement;TERMINAL;0,00;;2,86;EUR;3,53;EUR;3,53;EUR;84339;580504101;580504101;9,672
DE;Abdeckung kpl.;SHIELD KIT;0,00;;0,80;EUR;1,12;EUR;1,12;EUR;84339;587449301;587449301;2,7
DE;Gehäuse;CHASSIS KIT;0,00;;20,95;EUR;28,46;EUR;28,46;EUR;84339;587448902;587448902;70,812
DE;Feder;SPRING;0,00;;1,74;EUR;2,16;EUR;2,16;EUR;84339;531210573;531210573;5,892
DE;Verkabelung Schleifensensor;LOOM;0,00;;3,46;EUR;4,27;EUR;4,27;EUR;84339;579708201;579708201;11,7
DE;Scheibe;SEGMENT;0,00;;3,95;EUR;4,87;EUR;4,87;EUR;84339;531211473;531211473;13,344
DE;Netzgerät mit Adapter EU;POWER SUPPLY KIT;0,00;;29,30;EUR;32,45;EUR;32,45;EUR;85365080;587797001;587797001;99,048
DE;Displayplatine;PRINTED CIRCUIT BOARD, MMI;0,00;;26,41;EUR;37,28;EUR;37,28;EUR;84339;575640101;575640101;89,268
DE;Verkabelung Ladekontakte;CABLE ASSY CHARGING CONTACTS;0,00;;14,59;EUR;19,86;EUR;19,86;EUR;85369010;585539502;585539502;49,32
DE;Ladekontakt;CHARGING PLATE;0,00;;2,62;EUR;3,58;EUR;3,58;EUR;85044055;574490003;574490003;8,856
DE;Motor;MOTOR CUTTING, TYPE 2;0,00;;39,74;EUR;56,21;EUR;56,21;EUR;84339;584989302;584989302;134,34
DE;Verschlussstopfen M16 USB Anschluss;GROMMET  M16;0,00;;0,84;EUR;1,05;EUR;1,05;EUR;82084;584897501;584897501;2,844
DE;Schraube M5x12;SCREW;0,00;;0,50;EUR;0,62;EUR;0,62;EUR;82084;576213902;576213902;1,692
DE;Scheibe 6mm;WASHER FRONT WHEEL 6MM;0,00;;0,65;EUR;0,81;EUR;0,81;EUR;84339;585196801;585196801;2,196
DE;Keil;KEY;0,00;;0,61;EUR;1,00;EUR;1,00;EUR;84339;505290901;505290901;2,076
DE;Kabelsatz;BRAKE WIRE;0,00;;7,40;EUR;9,72;EUR;9,72;EUR;84099100;582192102;582192102;25,008
DE;Netzgerät DE / EU   R40Li/R45Li;POWER UNIT EU R40LI/R45LI;0,00;;26,88;EUR;32,45;EUR;32,45;EUR;85044082;584408801;584408801;90,864
DE;Rad kpl. Ø210;WHEEL ASSY;0,00;;9,66;EUR;9,64;EUR;9,64;EUR;84339;544916904;544916904;32,664
DE;Platine kpl.;PRINTED CIRCUIT ASSY HMI BOARD;0,00;;34,33;EUR;48,45;EUR;48,45;EUR;85340090;592910101;592910101;116,052
DE;On/Off Schalter;LOOM;0,00;;10,44;EUR;14,21;EUR;14,21;EUR;85369095;579708701;579708701;35,292
DE;Batterie 18 V;BATTERY:18V, 2.0AH, 36.0WH TYP;0,00;;31,96;EUR;46,89;EUR;46,89;EUR;85076;593247201;593247201;107,952
DE;Hebevorrichting;JOYSTICK KIT;0,00;;1,83;EUR;8,16;EUR;8,16;EUR;84339;587448802;587448802;6,192
DE;Schraubensatz (5 Stück);SCREW KIT ANCHOR SCREW 5 PCS;0,00;;3,31;EUR;3,64;EUR;3,64;EUR;73181595;575238603;575238603;11,184
DE;Netzgerät DE / EU;POWER UNIT;0,00;;12,71;EUR;40,38;EUR;40,38;EUR;85044082;584408901;584408901;42,96
DE;Lager;BEARING;0,00;;2,28;EUR;2,35;EUR;2,35;EUR;84339;531208778;531208778;7,716
DE;Gewindeeinsatz;THREAD INSERT;0,00;;2,14;EUR;2,64;EUR;2,64;EUR;84339;581165701;581165701;7,236
DE;Hauptplatine kpl.;PRINTED CIRCUIT ASSY MAIN BOAR;0,00;;98,89;EUR;139,55;EUR;139,55;EUR;85340090;592851701;592851701;334,296
DE;Scheibe;WASHER;0,00;;0,78;EUR;0,97;EUR;0,97;EUR;84339;525423101;525423101;2,64
DE;Feder;SPRING;0,00;;0,87;EUR;1,08;EUR;1,08;EUR;84339;580511401;580511401;2,94
DE;Scheibe;WASHER;0,00;;0,58;EUR;0,73;EUR;0,73;EUR;82084;579525701;579525701;1,968
DE;Feder;SPRING;0,00;;0,87;EUR;1,08;EUR;1,08;EUR;84339;574487001;574487001;2,94
DE;Mutter, selbstschneidend für Ladestation;NUT;0,00;;0,38;EUR;0,48;EUR;0,48;EUR;84339;577512201;577512201;1,284
DE;Riemen Z30 10x765;BELT;0,00;;5,94;EUR;9,45;EUR;9,45;EUR;40103900;504103301;504103301;20,076
DE;Riemenschutz;BELT GUARD;0,00;;7,57;EUR;9,33;EUR;9,33;EUR;84339;544462302;544462302;25,584
DE;Messerscheibe;CUTTING DISC;0,00;;5,28;EUR;7,08;EUR;7,08;EUR;82084;574487101;574487101;17,856
DE;Antriebsritzel;PINION;0,00;;2,77;EUR;4,05;EUR;4,05;EUR;84834029;544342301;544342301;9,36
DE;Deckel;COVER;0,00;;1,91;EUR;2,36;EUR;2,36;EUR;84339;535081501;535081501;6,456
DE;Platine, kpl., Stoßsensor;PRINTED CIRCUIT ASSY COLLISION;0,00;;4,97;EUR;6,77;EUR;6,77;EUR;85340090;592909501;592909501;16,8
DE;Hinterradkit;REAR WHEEL REAR WHEEL KIT, LEF;0,00;;5,48;EUR;7,66;EUR;7,66;EUR;84339;583853902;583853902;18,528
DE;Rahmen;FRAME CHARGING STATION;0,00;;5,54;EUR;6,83;EUR;6,83;EUR;84339;579458004;579458004;18,732
DE;Schraube;SCREW HEXAGON SOCKET BUTTON HE;0,00;;0,21;EUR;0,27;EUR;0,27;EUR;73182900;590508701;590508701;0,708
DE;Mutter M16;MØTRIK FLAD HM 16 BICHRO.;0,00;;0,86;EUR;1,24;EUR;1,24;EUR;84669195;731432401;731432401;2,904
DE;Hebesensorkit, kpl.;JOYSTICK KIT AM320;0,00;;17,16;EUR;24,63;EUR;24,63;EUR;84339;581620903;581620903;58,656
DE;Niederspannungskabel 21,6 V  10m;CABLE EFK C-HDPE 1,25 MM2, 10M;0,00;;10,63;EUR;13,53;EUR;13,53;EUR;84679900;581166605;581166605;36,336
DE;Riemen Z28 10x710;BELT;0,00;;5,79;EUR;9,21;EUR;9,21;EUR;40103900;504034801;504034801;19,788
DE;Niederspannungskabel 5 m;CABLE ASSY LOW VOLTAGE CABLE;0,00;;7,76;EUR;9,55;EUR;9,55;EUR;85444290;579825104;579825104;26,52
DE;Joystick kpl.;JOYSTICK ASSY REAR;0,00;;3,81;EUR;5,47;EUR;5,47;EUR;84339;594058601;594058601;13,104
DE;Ankerschraubensatz (6 Stück);ANCHOR SCREW 6 PCS;0,00;;3,04;EUR;3,76;EUR;3,76;EUR;73181595;597435801;597435801;10,512
DE;Messer;BLADE;0,00;;5,91;EUR;11,84;EUR;11,84;EUR;82084;581188910;581188910;20,424
DE;Befestigung;BRACKET;0,00;;0,94;EUR;0,39;EUR;0,39;EUR;84339;531208043;531208043;3,24
DE;Messer;BLADE;0,00;;8,14;EUR;12,55;EUR;12,55;EUR;82084;504113310;504113310;28,128
DE;Hinterrad kit, kpl.;REAR WHEEL REAR WHEEL KIT COMP;0,00;;17,10;EUR;30,08;EUR;30,08;EUR;84339;578275103;578275103;59,088
DE;Stopfen kpl.;PLUG KIT;0,00;;2,77;EUR;3,53;EUR;3,53;EUR;84339;581621202;581621202;9,576
DE;Riemenschutz;BELT GUARD;0,00;;6,74;EUR;8,30;EUR;8,30;EUR;84339;544462202;544462202;23,292
DE;Platine Ladestation;PRINTED CIRCUIT ASSY PCBA  P1;0,00;;32,11;EUR;43,70;EUR;43,70;EUR;85340090;592909401;592909401;110,952
DE;Platine Schleifensensor;PRINTED CIRCUIT ASSY LOOP SENS;0,00;;17,52;EUR;23,84;EUR;23,84;EUR;85340090;592852701;592852701;60,876
DE;Platine für Hebesensor, kpl.;PRINTED CIRCUIT ASSY PCBA LIFT;0,00;;5,91;EUR;8,05;EUR;8,05;EUR;85340090;592852301;592852301;20,532
DE;Dichtung;GASKET;0,00;;0,96;EUR;1,36;EUR;1,36;EUR;84339;535082501;535082501;3,336
DE;Kappe Schnappverschluss;CAP;0,00;;0,93;EUR;1,15;EUR;1,15;EUR;84339;580526801;580526801;3,252
DE;Schraube 10mm;SCREW 10MM;0,00;;0,29;EUR;0,37;EUR;0,37;EUR;84339;575543310;575543310;1,02
DE;Kabelbaum Ladeplatte;CABLE ASSY CHARGING PLATE;0,00;;10,66;EUR;18,06;EUR;18,06;EUR;85444290;585539204;585539204;37,236
DE;Messeraufnahme;BLADE SUPPORT;0,00;;5,53;EUR;7,42;EUR;7,42;EUR;82084;581843001;581843001;19,32
DE;Lagergehäuse;BEARING;0,00;;2,96;EUR;4,40;EUR;4,40;EUR;84339;535126401;535126401;10,332
DE;Dichtung Radmotor;GASKET;0,00;;1,15;EUR;1,67;EUR;1,67;EUR;84339;574373701;574373701;4,02
DE;Schraube M5x12;SCREW ISO 14583 M5X12 T25 A2-7;0,00;;0,20;EUR;0,25;EUR;0,25;EUR;73181575;590740201;590740201;0,708
DE;Schraube 5x10;SCREW;0,00;;0,36;EUR;0,45;EUR;0,45;EUR;73181499;531207856;531207856;1,272
DE;Niederspannungskabel 3 m, 28 V;CABLE ASSY LOW VOLTAGE CABLE;0,00;;6,46;EUR;7,96;EUR;7,96;EUR;84339;579825103;579825103;22,812
DE;Goretex Filter (10x);AIR FILTER KIT;0,00;;11,34;EUR;17,02;EUR;17,02;EUR;84339;577753701;577753701;40,032
DE;Antriebsrad;WHEEL DRIVE WHEEL;0,00;;7,61;EUR;12,30;EUR;12,30;EUR;82084;574465104;574465104;27,012
DE;ORing;O-RING;0,00;;0,97;EUR;1,36;EUR;1,36;EUR;84339;580445101;580445101;3,48
DE;Niederspannungskabel 20 m;CABLE ASSY LOW VOLTAGE CABLE;0,00;;16,89;EUR;21,49;EUR;21,49;EUR;84339;579825101;579825101;60,588
DE;Batterie LiIon;BATTERY LI-ION;0,00;;27,75;EUR;41,31;EUR;41,31;EUR;85076;589586101;589586101;99,456
DE;Platine kpl.;PCBA CS;0,00;;36,46;EUR;49,61;EUR;49,61;EUR;85340090;592909302;592909302;130,776
DE;Sicherungsscheibe;LOCKWASHER STARLOCK SS 6MM GEO;0,00;;0,41;EUR;0,60;EUR;0,60;EUR;84339;576019402;576019402;1,488
DE;Kugellager;BALL BEARING SINGLE ROW S696;0,00;;1,52;EUR;2,35;EUR;2,35;EUR;84339;585214201;585214201;5,556
DE;Radmotor, kpl.;MOTOR KIT WHEEL;0,00;;54,65;EUR;77,29;EUR;77,29;EUR;85012;587449404;587449404;200,124
DE;Netzgerät EU 28 Volt 1,3A;POWER UNIT POWER SUPPLY 1,3A T;0,00;;33,59;EUR;37,21;EUR;37,21;EUR;85044090;593163601;593163601;123,012
DE;Scheibe;WASHER;0,00;;0,58;EUR;0,73;EUR;0,73;EUR;84339;535087802;535087802;2,136
DE;Niederspannungskabel 10 m, 28 V;CABLE ASSY LOW VOLTAGE CABLE;0,00;;10,63;EUR;13,53;EUR;13,53;EUR;85444290;579825102;579825102;39,12
DE;Dichtung;SEALING;0,00;;1,41;EUR;2,03;EUR;2,03;EUR;84339;580487101;580487101;5,184
DE;Schraube;SCREW TORX M4X8 8.8 ZPB PATCH;0,00;;0,29;EUR;0,37;EUR;0,37;EUR;73181499;535130502;535130502;1,068
DE;Anschlussklemme (1 Stk.);CONNECTOR LOOP WIRE CONNECTOR,;0,00;;0,73;EUR;0,74;EUR;0,74;EUR;39269097;535129001;535129001;2,676
DE;Schraube schwarz;SCREW ITXPANT;0,00;;0,43;EUR;0,54;EUR;0,54;EUR;84339;574450101;574450101;1,596
DE;Balg;BELLOWS;0,00;;3,05;EUR;4,40;EUR;4,40;EUR;84339;579474601;579474601;11,292
DE;Schraube grau (14mm);SCREW 14MM;0,00;;0,36;EUR;0,45;EUR;0,45;EUR;84339;575543314;575543314;1,332
DE;Gummidämpfer;RUBBER DAMPER;0,00;;2,60;EUR;3,27;EUR;3,27;EUR;84339;574469102;574469102;9,624
DE;Schraube;SCREW;0,00;;0,36;EUR;0,45;EUR;0,45;EUR;84339;535076001;535076001;1,332
DE;Kabelverbinder (1 Stück);COUPLER COUPLER, 1 PCS;0,00;;0,73;EUR;0,74;EUR;0,74;EUR;39269097;501980201;501980201;2,7
DE;Batterie Li Ion 18 V;BATTERY LI-ION;0,00;;27,75;EUR;49,22;EUR;49,22;EUR;85076;589586201;589586201;102,588
DE;Kugellager;BALL BEARING;0,00;;1,52;EUR;2,35;EUR;2,35;EUR;84828;535075703;535075703;5,616
DE;Dichtungsstreifen (1 Stück);SEALING STRIP;0,00;;0,50;EUR;0,75;EUR;0,75;EUR;84339;574874708;574874708;1,836
